<?xml version="1.0" encoding="UTF-8"?>
<beans xmlns="http://www.springframework.org/schema/beans"
	xmlns:xsi="http://www.w3.org/2001/XMLSchema-instance"
	xmlns:aop="http://www.springframework.org/schema/aop"
	xmlns:context="http://www.springframework.org/schema/context"
	xmlns:jdbc="http://www.springframework.org/schema/jdbc"
	xmlns:mybatis-spring="http://mybatis.org/schema/mybatis-spring"
	xsi:schemaLocation="http://www.springframework.org/schema/jdbc http://www.springframework.org/schema/jdbc/spring-jdbc-4.1.xsd
		http://mybatis.org/schema/mybatis-spring http://mybatis.org/schema/mybatis-spring-1.2.xsd
		http://www.springframework.org/schema/beans http://www.springframework.org/schema/beans/spring-beans.xsd
		http://www.springframework.org/schema/context http://www.springframework.org/schema/context/spring-context-4.1.xsd
		http://www.springframework.org/schema/aop http://www.springframework.org/schema/aop/spring-aop-4.1.xsd">

	<!-- Mysql Connection -->
	<bean id = "dataSource" class = "org.springframework.jdbc.datasource.DriverManagerDataSource">
		<property name = "driverClassName"	value = "com.mysql.jdbc.Driver">				</property>
		<property name = "url"				value = "jdbc:mysql://127.0.0.1:3306/goculture"></property>
		<property name = "username"			value = "root">									</property>
		<property name = "password"			value = "qorhvk">								</property>
	</bean>
	
	<bean id = "sqlSessionFactory" class = "org.mybatis.spring.SqlSessionFactoryBean">
		<property name = "dataSource" ref = "dataSource">									</property>
		<property name = "configLocation"	value = "classpath:/mybatis-config.xml">		</property>
		<property name = "mapperLocations"	value = "classpath:mappers/**/*Mapper.xml">		</property>
	</bean>
	
	<bean id = "sqlSession" class = "org.mybatis.spring.SqlSessionTemplate" destroy-method = "clearCache">
		<constructor-arg name = "sqlSessionFactory" ref = "sqlSessionFactory"></constructor-arg>
	</bean>
	
		<bean id="javaMailSender" class="org.springframework.mail.javamail.JavaMailSenderImpl">
	    <property name="host" value="smtp.gmail.com" />
	    <property name="port" value="587" />
	    <property name="username" value="pjw941021@gmail.com" />
	    <property name="password" value="wnsdhks1" />
	    <property name="javaMailProperties">
	        <props>
	            <prop key="mail.smtp.ssl.trust">smtp.gmail.com</prop>
	            <prop key="mail.smtp.starttls.enable">true</prop>
	            <prop key="mail.smtp.auth">true</prop>
	        </props>
	    </property>
	</bean>
	<bean id="mailService" class="go.culture.email.MailServiceImpl">
	    <property name="javaMailSender" ref="javaMailSender" />
	</bean>
	
	<bean class="go.culture.yg.LoginController">
    	<property name="mailService" ref="mailService" />
	</bean>
</beans>
