<?xml version="1.0" encoding="UTF-8"?>
<!DOCTYPE mapper
PUBLIC "-//mybatis.org//DTD Mapper 3.0//EN"
"http://mybatis.org/dtd/mybatis-3-mapper.dtd">

<mapper namespace="yjc.wdb.mapper.MemberMapper">
	<insert id="insert">
		insert into member(m_id, m_name, m_pw, m_regnum)
		values(#{m_id}, #{m_name}, #{m_pw}, #{m_regnum})
	</insert>
	
	<update id="update">
		update member set m_name=#{m_name}, #{m_pw} 
		where m_id = #{m_id}
	</update>
	
	<delete id="delete">
		delete from member where m_id=#{m_id}
	</delete>
	
	<select id="select" resultType="MemberVO">
		select * from member
	</select>
	
	<select id="read" resultType="MemberVO">
		select * from member where m_id=#{m_id}	
	</select>
  	
  
</mapper>
