<?xml version="1.0" encoding="UTF-8"?>
<!DOCTYPE mapper
PUBLIC "-//mybatis.org//DTD Mapper 3.0/EN"
"http://mybatis.org/dtd/mybatis-3-mapper.dtd">

<mapper namespace = "go.culture.mapper.cultureEventMapper">
	<insert id="register">
		insert into 
		culture_event
			(cul_title,m_no,cate_no,cul_startDate,cul_endDate,cul_viewingTime, cul_mainImg, cul_WGSlat, cul_WGSlon,
			cul_price,cul_content,cul_discountInfo,cul_questionNum,cul_honePage,cul_latitude,cul_hardness,cul_placeName)
		values
			(#{cul_title},#{m_no},#{cate_no},#{cul_startDate},#{cul_endDate},#{cul_viewingTime},#{cul_mainImg},#{cul_WGSlat},#{cul_WGSlon},
			#{cul_price},#{cul_content},#{cul_discountInfo},#{cul_questionNum},#{cul_honePage},#{cul_latitude},#{cul_hardness},#{cul_placeName})
	</insert>
	
	<insert id="detailedPoster">
		insert into detailed_poster(cul_no, dp_detailedImg) values(#{cul_no},#{dp_detailedImg})
	</insert>
	
	<select id="culNo" resultType="CultureEventVO">
		select max(cul_no) cul_no from culture_event
	</select>
	
	<select id="read" resultType="CultureEventVO">
		select * from culture_event where cul_no = #{cul_no}
	</select>
	
	<select id="dpRead" resultType="DetailedPosterVO">
		select dp_detailedImg from detailed_poster where cul_no = #{cul_no}
	</select>
	
	<select id="cateListf1" resultType="CultureEventVO">
		select ce.cul_no cul_no,cate_no,cul_mainImg,cul_startDate,cul_endDate,cul_placeName,cul_latitude,cul_hardness,cul_price,cul_title,
				(select count(*) from ticketing t where t.cul_no = ce.cul_no) as ticketNum
		from culture_event ce
		where cate_no = #{cate_no}
		order by ticketNum desc
	</select>
	
	<select id="cateListAllf1" resultType="CultureEventVO">
		select ce.cul_no cul_no,cate_no,cul_mainImg,cul_startDate,cul_endDate,cul_placeName,cul_latitude,cul_hardness,cul_price,cul_title,
				(select count(*) from ticketing t where t.cul_no = ce.cul_no) as ticketNum
		from culture_event ce
		order by ticketNum desc
	</select>
	
	<select id="cateListf2" resultType="CultureEventVO" parameterType = "hashmap">
		select cul_no, cate_no, cul_mainImg, cul_startDate, cul_endDate, cul_placeName, cul_latitude, cul_hardness, cul_price, cul_title,
			Floor((6371*acos(cos(radians(#{latitude}))*cos(radians(ce.cul_WGSlat))*cos(radians(ce.cul_WGSlon)
			-radians(#{hardness}))+sin(radians(#{latitude}))*sin(radians(ce.cul_WGSlat))))*100) distance
		from culture_event ce
		where ce.cate_no = #{cate_no}
		order by distance asc
		limit 0,1000;
	</select>
	
	<select id="cateListAllf2" resultType="CultureEventVO" parameterType = "hashmap">
		select cul_no, cate_no, cul_mainImg, cul_startDate, cul_endDate, cul_placeName, cul_latitude, cul_hardness, cul_price, cul_title,
			(6371*acos(cos(radians(#{latitude}))*cos(radians(ce.cul_WGSlat))*cos(radians(ce.cul_WGSlon)
			-radians(#{hardness}))+sin(radians(#{latitude}))*sin(radians(ce.cul_WGSlat)))) distance
		from culture_event ce
		order by distance asc
		limit 0,1000;
	</select>
	
	<select id="cateListf3" resultType="CultureEventVO">
		select ce.cul_no cul_no,cate_no,cul_mainImg,cul_startDate,cul_endDate,cul_placeName,cul_latitude,cul_hardness, cul_price,cul_title
		from culture_event ce
		where cate_no = #{cate_no}
		order by cul_startDate asc;
	</select>
	
	<select id="cateListAllf3" resultType="CultureEventVO">
		select ce.cul_no cul_no,cate_no,cul_mainImg,cul_startDate,cul_endDate,cul_placeName,cul_latitude,cul_hardness, cul_price,cul_title
		from culture_event ce
		order by cul_startDate asc;
	</select>
	
	<insert id="rqRegister">
		insert into review_question(cul_no, m_no, rq_title, rq_content, rq_open, rq_division)
		values(#{cul_no},#{m_no},#{rq_title},#{rq_content},#{rq_open},#{rq_division})
	</insert>
	
	<select id="rqRead" resultType="ReviewQuestionVO">
		select * from review_question where cul_no = #{cul_no}
	</select>
	<select id="listSearch" resultType="CultureEventVO">
		<!-- select a.*
		from (select cul_no
		from culture_event
		where cul_title like '%#{cul_title}%')
		b join culture_event a on b.cul_no = a.cul_no order by cul_register desc; -->
		select cul_no form culture_event where cul_title like CONCAT ('%',#{cul_title},'%') order by cul_register desc
	</select>
</mapper>