<?xml version="1.0" encoding="UTF-8"?>
<beans xmlns="http://www.springframework.org/schema/beans"
	xmlns:xsi="http://www.w3.org/2001/XMLSchema-instance"
	xmlns:aop="http://www.springframework.org/schema/aop"
	xmlns:context="http://www.springframework.org/schema/context"
	xmlns:mybatis-spring="http://mybatis.org/schema/mybatis-spring"
	xmlns:jdbc="http://www.springframework.org/schema/jdbc"
	xsi:schemaLocation="http://www.springframework.org/schema/jdbc http://www.springframework.org/schema/jdbc/spring-jdbc-4.1.xsd
		http://mybatis.org/schema/mybatis-spring http://mybatis.org/schema/mybatis-spring-1.2.xsd
		http://www.springframework.org/schema/beans http://www.springframework.org/schema/beans/spring-beans.xsd
		http://www.springframework.org/schema/context http://www.springframework.org/schema/context/spring-context-4.1.xsd
		http://www.springframework.org/schema/aop http://www.springframework.org/schema/aop/spring-aop-4.1.xsd">
	
	<!-- Root Context: defines shared resources visible to all other web components -->
	
	<!-- 이메일 관련 -->
	<context:component-scan base-package="park.jun.test.email"></context:component-scan>
	
	<bean id="javaMailSender" class="org.springframework.mail.javamail.JavaMailSenderImpl">
	    <property name="host" value="smtp.gmail.com" />
	    <property name="port" value="587" />
	    <property name="username" value="pjw941021@gmail.com" />
	    <property name="password" value="wnsdhks1" />
	    <property name="javaMailProperties">
	        <props>
	            <prop key="mail.smtp.ssl.trust">smtp.gmail.com</prop>
	            <prop key="mail.smtp.starttls.enable">true</prop>
	            <prop key="mail.smtp.auth">true</prop>
	        </props>
	    </property>
	</bean>
	<bean id="mailService" class="park.jun.test.email.MailServiceImpl">
	    <property name="javaMailSender" ref="javaMailSender" />
	</bean>
	
	<bean class="park.jun.test.HomeController">
    	<property name="mailService" ref="mailService" />
	</bean>
	
</beans>