<?xml version="1.0" encoding="UTF-8"?>
<!DOCTYPE mapper
PUBLIC "-//mybatis.org//DTD Mapper 3.0//EN"
"http://mybatis.org/dtd/mybatis-3-mapper.dtd">

<mapper namespace="go.culture.mapper.memberMapper">

	<!-- mg_no 1은 default로 사용자라고 줌 회원등급테이블에 1넣어야함-->
	<insert id="insert">
		insert into member(m_email, m_name, m_password, m_residentNum, mg_no)
		values(#{m_email}, #{m_name}, #{m_password}, #{m_residentNum}, 1)
	</insert>
	
	<update id="update">
		update member set m_name=#{m_name}, #{m_password} 
		where m_id = #{m_id}
	</update>
	
	<delete id="delete">
		delete from member where m_email=#{m_email}
	</delete>
	
	<select id="select" resultType="MemberVO">
		select * from member
	</select>
	
	<select id="read" resultType="MemberVO">
		select * from member where m_email=#{m_email}	
	</select>
  	
  
</mapper>
