<?xml version="1.0" encoding="UTF-8"?>
<!DOCTYPE mapper
PUBLIC "-//mybatis.org//DTD Mapper 3.0/EN"
"http://mybatis.org/dtd/mybatis-3-mapper.dtd">
<mapper namespace="go.culture.mapper.TicketingMapper">




	<select resultType="go.culture.domain.TicketingVO" id="read"> select
		cul_no,cul_title,cul_price,cul_startDate,cul_endDate from culture_event where cul_no =#{cul_no} </select>

<select id="listAll" resultType="go.culture.domain.TicketingVO">
<![CDATA[
select
nm_no,t_quantity,t_totalPrice
from ticketing
where nm_no = 1
order by t_totalPrice desc

]]>

</select>
<insert id="create" >
insert into ticketing (t_quantity,t_totalPrice,m_no,cul_no,t_date)
value(#{t_quantity},#{t_totalPrice},1,1,#{t_date})
</insert>
<insert id="create1" >
insert into non_member(nm_name,nm_residentNum,nm_phoneNum)
value(#{nm_name},#{nm_residentNum},#{nm_phoneNum});
</insert>

</mapper>

