<?xml version="1.0" encoding="UTF-8"?>
<!DOCTYPE mapper
PUBLIC "-//mybatis.org//DTD Mapper 3.0/EN"
"http://mybatis.org/dtd/mybatis-3-mapper.dtd">

<mapper namespace="go.culture.mapper.giftCardMapper">

	<insert id="insertCard">
		insert into gift_card(send_no, accept_no, gc_img,
		gc_title, gc_content,
		gc_point, gc_date)
		values (#{send_no},
		#{accept_no}, #{gc_img}, #{gc_title}, #{gc_content},
		#{gc_point},
		#{gc_date})
	</insert>

	<select id="listSend" resultType="GiftCardVO">
		select
		gc_no, accept_no, gc_img,
		gc_title, gc_content, gc_point, gc_date,
		m_name, m_email
		from
		gift_card,
		member
		where send_no = 2 and m_no=gc_no
		order by gc_no desc
	</select>
	<!-- -->
	<select id="listGet" resultType="GiftCardVO">
		select
		gc_no, send_no, gc_img,
		gc_title, gc_content, gc_point, gc_date,
		m_name, m_email
		from
		gift_card,
		member
		where accept_no = 4 and m_no=gc_no
		order by gc_no desc
	</select>

	<select id="listUse" resultType="GiftCardUseVO">
		<![CDATA[
		select gcu1.gcu_date,
		gcu1.gcu_content, gcu1.gcu_point, gc.gc_point, gc.gc_title,
		gc.gc_point-sum(gcu.gcu_point) as n1
		from gift_card_use gcu, gift_card_use gcu1, gift_card gc
		where gcu.gcu_date <= gcu1.gcu_date 
			AND gcu1.gc_no = gc.gc_no
		group by gcu1.gcu_date
]]>
	</select>

	<insert id="useGiftCard">
		insert into gift_card_use(gc_no,gcu_content,gcu_point)
		values (#{gc_no},#{gcu_content},#{gcu_point})
	</insert>
	
</mapper>