<?xml version="1.0" encoding="UTF-8"?>
<!DOCTYPE mapper
PUBLIC "-//mybatis.org//DTD Mapper 3.0/EN"
"http://mybatis.org/dtd/mybatis-3-mapper.dtd">
<mapper namespace="go.culture.mapper.listMapper">
	<select id="listGone" resultType="ListVO">
	<![CDATA[
		select
		cul_mainimg,cul_title,cul_startDate,cul_price,cul_content,t_register
		from ticketing t, culture_event ce
		where t.cul_no = ce.cul_no and cul_startDate<=now() and ce.m_no = #{m_no}
        order by t_register desc;
        ]]>
	</select>
	
	<select id="listGone1mon" resultType="ListVO">
	<![CDATA[
	select
		cul_mainimg,cul_title,cul_startDate,cul_price,cul_content,t_register
		from ticketing t, culture_event ce
		where t.cul_no = ce.cul_no and cul_startDate<=now()
        and t_register>=date_sub(sysdate(),interval 1 month) and ce.m_no = #{m_no}
        order by t_register desc;
	]]>
	</select>
	
	<select id="listGone3mon" resultType="ListVO">
	<![CDATA[
	select
		cul_mainimg,cul_title,cul_startDate,cul_price,cul_content,t_register
		from ticketing t, culture_event ce
		where t.cul_no = ce.cul_no and cul_startDate<=now()
        and t_register>=date_sub(sysdate(),interval 3 month) and ce.m_no = #{m_no}
        order by t_register desc;
	]]>
	</select>
	
	<select id="listGone6mon" resultType="ListVO">
	<![CDATA[
	select
		cul_mainimg,cul_title,cul_startDate,cul_price,cul_content, t_register
		from ticketing t, culture_event ce
		where t.cul_no = ce.cul_no and cul_startDate<=now()
        and t_register>=date_sub(sysdate(),interval 6 month) and ce.m_no = #{m_no}
        order by t_register desc;
	]]>
	</select>

	<select id="listReservation" resultType="ListVO">
	<![CDATA[
		select
		cul_mainimg,cul_title,cul_startDate,cul_price,cul_content,t_register
		from ticketing t, culture_event ce
		where t.cul_no = ce.cul_no and cul_startDate>=now() and ce.m_no = #{m_no}
        order by t_register desc;
        ]]>
	</select>

	<select id="listHeart" resultType="ListVO">
	<![CDATA[
		select
		cul_mainimg,cul_title,cul_startDate,cul_price,cul_content,ie_register
		from interest_event ie,culture_event ce 
		where ie.cul_no = ce.cul_no and ie.m_no = #{m_no} order by ie_register desc;
		]]>
	</select>
	
	<select id="listReservationDate" resultType="ListVO">
	<![CDATA[
		select
		cul_mainimg,cul_title,cul_startDate,cul_price,cul_content,t_register
		from ticketing t, culture_event ce
		where t.cul_no = ce.cul_no and ce.cul_startDate>=now() and ce.m_no = #{m_no}
        order by ce.cul_startDate desc;
        ]]>
	</select>
	
	<select id="listHeartDate" resultType="ListVO">
		select
		cul_mainimg,cul_title,cul_startDate,cul_price,cul_content,ie_register
		from interest_event ie,culture_event ce
		where ie.cul_no = ce.cul_no and ce.m_no = #{m_no} order by cul_startDate desc;
	</select>
</mapper>