<?xml version="1.0" encoding="UTF-8"?>
<!DOCTYPE mapper
PUBLIC "-//mybatis.org//DTD Mapper 3.0/EN"
"http://mybatis.org/dtd/mybatis-3-mapper.dtd">
<mapper namespace="go.culture.mapper.listMapper">
   <select id="listGone" resultType="ListVO">
   <![CDATA[
      select
      cul_mainimg,cul_title,cul_startDate,cul_price,cul_content,t_register, t_totalPrice,cul_placeName
      from ticketing t, culture_event ce
      where t.cul_no = ce.cul_no and ce.cul_startDate<=now()
        order by t_register desc;
        ]]>
   </select>
   
   <select id="listGone1mon" resultType="ListVO">
   <![CDATA[
   select
      cul_mainimg,cul_title,cul_startDate,cul_price,cul_content,t_register, t_totalPrice,cul_placeName
      from ticketing t, culture_event ce
      where t.cul_no = ce.cul_no and ce.cul_startDate<=now()
        and t_register>=date_sub(sysdate(),interval 1 month)
        order by t_register desc;
   ]]>
   </select>
   
   <select id="listGone3mon" resultType="ListVO">
   <![CDATA[
   select
      cul_mainimg,cul_title,cul_startDate,cul_price,cul_content,t_register, t_totalPrice,cul_placeName
      from ticketing t, culture_event ce
      where t.cul_no = ce.cul_no and ce.cul_startDate<=now()
        and t_register>=date_sub(sysdate(),interval 3 month)
        order by t_register desc;
   ]]>
   </select>
   
   <select id="listGone6mon" resultType="ListVO">
   <![CDATA[
   select
      cul_mainimg,cul_title,cul_startDate,cul_price,cul_content,t_register, t_totalPrice,cul_placeName
      from ticketing t, culture_event ce
      where t.m_no=#{m_no} and t.cul_no = ce.cul_no and ce.cul_startDate<=now()
        and t_register>=date_sub(sysdate(),interval 6 month)
        order by t_register desc;
   ]]>
   </select>

   <select id="listReservation" resultType="ListVO">
   <![CDATA[
      select
      cul_mainimg,cul_title,cul_startDate,cul_price,cul_content, t_register, t_totalPrice,cul_placeName
      from ticketing t, culture_event ce
      where t.m_no=#{m_no} and t.cul_no = ce.cul_no and ce.cul_startDate>=now()
        order by t_register desc;
        ]]>
   </select>

   <select id="listHeart" resultType="ListVO">
   <![CDATA[
      select
      cul_mainimg,cul_title,cul_startDate,cul_price,cul_content,ie_register,cul_placeName
      from interest_event ie,culture_event ce
      where ie.m_no=#{m_no} and ie.cul_no = ce.cul_no order by ie_register desc;
      ]]>
   </select>
   
   <select id="listReservationDate" resultType="ListVO">
   <![CDATA[
      select
      cul_mainimg,cul_title,cul_startDate, cul_price,cul_content, t_register, t_totalPrice,cul_placeName
      from ticketing t, culture_event ce
      where t.m_no=#{m_no} and t.cul_no = ce.cul_no and ce.cul_startDate>=now()
        order by ce.cul_startDate desc;
        ]]>
   </select>
   
   <select id="listHeartDate" resultType="ListVO">
      select
      cul_mainimg,cul_title,cul_startDate,cul_price,cul_content,ie_register,cul_placeName
      from interest_event ie,culture_event ce
      where ie.m_no=#{m_no} and ie.cul_no = ce.cul_no order by cul_startDate desc;
   </select>
   
   <select id="listNon" resultType="ListVO">
	select t.t_register, t.t_no, t.t_quantity, t.t_totalPrice, t.nm_no,,cul_placeName
	ce.cul_mainimg, ce.cul_title, ce.cul_price, t.cul_no, ce.cul_startDate, ce.cul_content
	from  ticketing as t, culture_event as ce
	where t.nm_no = #{nm_no} and ce.cul_no = t.cul_no; 
	</select>

    <select id="listNonClick" resultType="ListVO">
	select t.t_register, t.t_no, t.t_quantity, t.t_totalPrice, t.nm_no,,cul_placeName
	ce.cul_mainimg, ce.cul_title, ce.cul_price, t.cul_no, ce.cul_startDate, ce.cul_content
	from  ticketing as t, culture_event as ce
	where t.nm_no = (select nm_no from non_member where nm_name=#{nm_name} and nm_no=#{t_no}) and ce.cul_no = t.cul_no and t.t_no=#{t_no}; 
	</select>
</mapper>