<?xml version="1.0" encoding="UTF-8"?>
<!DOCTYPE mapper
PUBLIC "-//mybatis.org//DTD Mapper 3.0//EN"
"http://mybatis.org/dtd/mybatis-3-mapper.dtd">

<mapper namespace="go.culture.mapper.NonTicketingMapper">


<select resultType="go.culture.domain.NonTicketingVO" id="read1"> select
		cul_no,cul_title,cul_price,cul_startDate,cul_endDate from culture_event where cul_no =#{cul_no} </select>

<select id="listAll" resultType="go.culture.domain.NonTicketingVO">
<![CDATA[
select
cul_title, cul_price ,t_quantity,t_totalPrice, cul_startDate,cul_endDate, date_format(t_date,'%Y-%m-%d') as t_date,t_register,t_no,cul_content, a.cul_no, a.nm_no  
from ticketing a, non_member b ,culture_event c
where a.nm_no = b.nm_no AND b.nm_name = #{nm_name} AND b.nm_residentNum = #{nm_residentNum}

]]>

</select>

<insert id="create1" >
insert into non_member(nm_name,nm_residentNum,nm_phoneNum)
value(#{nm_name},#{nm_residentNum},#{nm_phoneNum})
</insert>

<insert id="noncreate" >
 insert into ticketing (cul_no,nm_no,t_quantity,t_totalPrice,t_date)values(1,(select MAX(nm_no) from non_member),#{t_quantity},#{t_totalPrice},#{t_date});
</insert>

</mapper>
