<?xml version="1.0" encoding="UTF-8"?>
<!DOCTYPE mapper
PUBLIC "-//mybatis.org//DTD Mapper 3.0/EN"
"http://mybatis.org/dtd/mybatis-3-mapper.dtd">

<mapper namespace="go.culture.mapper.NoticeMapper">
	<insert id="create">
		insert into notice_board(nb_title,m_no,nb_content)
		values(#{nb_title},#{m_no},#{nb_content})
	</insert>
	<select id="read" resultType="go.culture.domain.NoticeVO">
		select nb_no,m_no,nb_title,nb_content,nb_date
		from notice_board
		where nb_no=#{nb_no}
	</select>
	<update id="update">
		update notice_board set nb_title =#{nb_title},nb_content =#{nb_content}
		where nb_no =#{nb_no}
	</update>
	<delete id="delete">
		delete from notice_board where nb_no =#{nb_no}
	</delete>
	<select id="listAll" resultType="go.culture.domain.NoticeVO">
		<![CDATA[
		select
		nb_no,nb_content,nb_title,nb_date
		from notice_board
		where nb_no>0
		order by nb_no desc, nb_date desc
		
		]]>
	</select>

	<select id="listPage" resultType="go.culture.domain.NoticeVO">
		<![CDATA[
		select
		nb_no,nb_content,nb_title,nb_date
		from notice_board
		where nb_no>0
		order by nb_no desc, nb_date desc
		limit #{page},10
		]]>
	</select>

	<select id="listCriteria" resultType="go.culture.domain.NoticeVO">
		<![CDATA[
		select
		nb_no,nb_content,nb_title,nb_date
		from notice_board
		where nb_no>0
		order by nb_no desc, nb_date desc
		limit #{pageStart},#{perPageNum}
		]]>

	</select>
	<select id="countPaging" resultType="int">
		<![CDATA[
		select
		count(nb_no)
		from notice_board
		where
		nb_no > 0]]>
	</select>

</mapper>