<?xml version="1.0" encoding="UTF-8"?>
<!DOCTYPE mapper
PUBLIC "-//mybatis.org//DTD Mapper 3.0/EN"
"http://mybatis.org/dtd/mybatis-3-mapper.dtd">
<mapper namespace="go.culture.mapper.pointMapper">
	<select id="addPoint" resultType="PointVO">
		<![CDATA[
		select eh.eh_name, p.p_point, p.p_date, sum(p1.p_point) as po1
		from earning_history eh, point p, point p1 
		where p.p_date>=p1.p_date and eh.eh_no = p.eh_no and p.p_division=1
		group by p.p_date desc
		
		]]>
	</select>

	<select id="usePoint" resultType="PointVO">
		<![CDATA[
		select p1.p_useHistory, p1.p_point,p1.p_date,
		(select sum(p.p_point) from point p where p.p_division=1)-(select sum(p.p_point) from point p where p.p_division=0 and  p1.p_date>=p.p_date) as po1
		from point p, point p1, member m
        where (select sum(p.p_point) from point p where p.p_division=1)-(select sum(p.p_point) from point p where p.p_division=0 and  p1.p_date>=p.p_date) is not null
        and m.m_no = #{m_no}
		group by p1.p_date desc
		]]>
	</select>

	<insert id="updatePoint">
		insert into point (m_no,p_point,p_useHistory,p_division)
		values(#{m_no},#{p_point},#{p_useHistory},0)
	</insert>
	
	<select id="totalPoint" resultType="integer">
		<![CDATA[
			select ((select sum(p_point) from point where m_no = #{m_no} and p_division = 1) - ifnull((select sum(p_point) from point where m_no = #{m_no} and p_division = 0),0)) totalPoint
			from point
			where m_no = #{m_no}
			group by m_no;
		]]>
	</select>
</mapper>