<?xml version="1.0" encoding="UTF-8"?>
<!DOCTYPE mapper
PUBLIC "-//mybatis.org//DTD Mapper 3.0/EN"
"http://mybatis.org/dtd/mybatis-3-mapper.dtd">
<mapper namespace="go.culture.mapper.ticketingMapper">
	<insert id="insertmemTicketing">
		insert into ticketing(m_no, cul_no, t_quantity, t_totalPrice)
		values(#{m_no},#{cul_no},#{t_quantity},#{t_totalPrice})
	</insert>
	
	<insert id ="insertNonmem">
		insert into non_member(nm_name,nm_residentNum,nm_phoneNum)
		values (#{nm_name},#{nm_residentNum},#{nm_phoneNum})
	</insert>
	
	<insert id="insertNonTicketing">
		insert into ticketing (cul_no,nm_no,t_quantity,t_totalPrice)
		values(#{cul_no},(select MAX(nm_no) from non_member),#{t_quantity},#{t_totalPrice});
	</insert>
	
	 <select id="getnmNo" resultType="integer">
		select max(nm_no) as nm_no
		from non_member
		where nm_name = #{nm_name} and nm_residentNum = #{nm_residentNum}
	</select>
	
	<insert id="interestEvent">
		insert into interest_event(m_no,cul_no) values (#{m_no},#{cul_no});
	</insert>
</mapper>